{
"skeleton": {
	"hash": "8fv1mghgjt4",
	"spine": "4.0.64",
	"x": -400.14,
	"y": -657.82,
	"width": 802.63,
	"height": 597.44,
	"images": "./images/",
	"audio": "F:/Gameez lab/client/riken/spine file/lava"
},
"bones": [
	{ "name": "root" },
	{ "name": "bone", "parent": "root", "x": -318.31, "y": -69.89 },
	{ "name": "bone2", "parent": "root", "x": -198.04, "y": -81.69 },
	{ "name": "bone3", "parent": "root", "x": -85.88, "y": -86.12 },
	{ "name": "bone4", "parent": "root", "x": 35.13, "y": -79.48 },
	{ "name": "bone5", "parent": "root", "x": 162.04, "y": -97.19 },
	{ "name": "bone6", "parent": "root", "x": -319.65, "y": -109.89 },
	{ "name": "bone7", "parent": "root", "x": -202.71, "y": -125.72 },
	{ "name": "bone8", "parent": "root", "x": -75.23, "y": -135.39 },
	{ "name": "bone9", "parent": "root", "x": 47.87, "y": -115.17 },
	{ "name": "bone10", "parent": "root", "x": 182.39, "y": -134.51 },
	{ "name": "bone11", "parent": "root", "x": 297.57, "y": -118.68 },
	{ "name": "bone12", "parent": "root", "x": 271.19, "y": -82.63 },
	{ "name": "bone13", "parent": "root", "x": -306.24, "y": -198.69 },
	{ "name": "bone14", "parent": "root", "x": -121.6, "y": -198.69 },
	{ "name": "bone15", "parent": "root", "x": 84.14, "y": -210.12 },
	{ "name": "bone16", "parent": "root", "x": 292.17, "y": -197.81 },
	{ "name": "bone17", "parent": "root", "x": -300.05, "y": -326.18 },
	{ "name": "bone18", "parent": "root", "x": -101.34, "y": -340.25 },
	{ "name": "bone19", "parent": "root", "x": 106.15, "y": -338.49 },
	{ "name": "bone20", "parent": "root", "x": 316.29, "y": -339.37 },
	{ "name": "bone21", "parent": "root", "x": -302.69, "y": -468.61 },
	{ "name": "bone22", "parent": "root", "x": -170.8, "y": -462.46 },
	{ "name": "bone23", "parent": "root", "x": 37.57, "y": -458.94 },
	{ "name": "bone24", "parent": "root", "x": 245.07, "y": -453.67 },
	{ "name": "bone25", "parent": "root", "x": 275.85, "y": -578.52 },
	{ "name": "bone26", "parent": "root", "x": 51.64, "y": -569.73 },
	{ "name": "bone27", "parent": "root", "x": -75.85, "y": -554.78 },
	{ "name": "bone28", "parent": "root", "x": -255.21, "y": -567.09 },
	{ "name": "main", "parent": "root", "length": 696.95, "rotation": 0.17, "x": -352.7, "y": -656.86 },
	{ "name": "bone29", "parent": "root", "x": -349.59, "y": -630.29 },
	{ "name": "bone30", "parent": "root", "x": -262.63, "y": -629 },
	{ "name": "bone31", "parent": "root", "x": -83.54, "y": -629 },
	{ "name": "bone32", "parent": "root", "x": 20.66, "y": -629 },
	{ "name": "bone33", "parent": "root", "x": 116.18, "y": -620.32 },
	{ "name": "bone34", "parent": "root", "x": 210.61, "y": -631.17 },
	{ "name": "bone35", "parent": "root", "x": 327.83, "y": -630.09 }
],
"slots": [
	{ "name": "full", "bone": "root" },
	{ "name": "Group 2", "bone": "root", "attachment": "Group 2" },
	{ "name": "Group 1", "bone": "root", "attachment": "Group 1" },
	{ "name": "Group 5", "bone": "root", "attachment": "Group 5" },
	{ "name": "Group 5 copy 6", "bone": "root", "attachment": "Group 5 copy 6" },
	{ "name": "Group 5 copy 7", "bone": "root", "attachment": "Group 5 copy 7" },
	{ "name": "Group 5 copy 8", "bone": "root", "attachment": "Group 5 copy 8" },
	{ "name": "Group 5 copy 9", "bone": "root", "attachment": "Group 5 copy 9" },
	{ "name": "Group 5 copy 10", "bone": "root", "attachment": "Group 5 copy 10" },
	{ "name": "Group 5 copy 11", "bone": "root", "attachment": "Group 5 copy 11" }
],
"skins": [
	{
		"name": "default",
		"attachments": {
			"full": {
				"full": {
					"type": "mesh",
					"uvs": [ 1, 1, 0, 1, 0, 0, 1, 0 ],
					"triangles": [ 1, 2, 3, 1, 3, 0 ],
					"vertices": [ 403.86, -657.82, -400.14, -657.82, -400.14, -58.82, 403.86, -58.82 ],
					"hull": 4,
					"edges": [ 0, 2, 2, 4, 4, 6, 0, 6 ],
					"width": 804,
					"height": 599
				}
			},
			"Group 1": {
				"Group 1": {
					"type": "mesh",
					"uvs": [ 0.50343, 8.2E-4, 0.5205, 0.00593, 0.53882, 0.01706, 0.54758, 0.01666, 0.56676, 0.00824, 0.5852, 0.00802, 0.60148, 0.01645, 0.61135, 0.02545, 0.62465, 0.03057, 0.65815, 0.02518, 0.6703, 0.02881, 0.69252, 0.05232, 0.70643, 0.05638, 0.73915, 0.05642, 0.76755, 0.07345, 0.7805, 0.06728, 0.80259, 0.04071, 0.84132, 0.05447, 0.85282, 0.04841, 0.8718, 0.02415, 0.88346, 0.015, 0.92332, 0.01951, 0.93893, 0.01606, 0.96173, 0.00506, 0.99869, 0.00733, 0.99872, 0.97222, 1, 0.99732, 0.85111, 0.99753, 0.71335, 0.99772, 0.55696, 0.99794, 0.40346, 0.99815, 0.25136, 0.99836, 0.11937, 0.99854, 0, 0.9987, 0.00192, 0.99101, 0.00191, 0.83739, 0.0019, 0.68328, 0.00189, 0.46136, 0.00188, 0.32369, 0.00187, 0.17164, 0.00185, 0.00614, 0.01487, 0.0064, 0.03096, 0.00635, 0.0451, 0.01529, 0.05394, 0.01529, 0.07122, 0.00239, 0.10664, 0.01162, 0.11317, 0.00985, 0.14003, 0.00373, 0.15339, 0.00995, 0.16604, 0.01915, 0.18225, 0.02597, 0.20211, 0.02335, 0.22663, 0.04446, 0.23794, 0.0489, 0.27017, 0.0402, 0.29379, 0.0403, 0.31404, 0.05816, 0.3281, 0.05535, 0.34198, 0.03704, 0.36202, 0.03623, 0.37713, 0.04381, 0.38556, 0.04115, 0.4065, 0.02606, 0.425, 0.02064, 0.45745, 0.02068, 0.46259, 0.01954, 0.98454, 0.16753, 0.98454, 0.31136, 0.98454, 0.45726, 0.9831, 0.64835, 0.98454, 0.81684, 0.11936, 0.17115, 0.11928, 0.32222, 0.11935, 0.46087, 0.12231, 0.679, 0.12228, 0.83488, 0.26427, 0.17054, 0.26842, 0.32035, 0.26141, 0.46028, 0.25846, 0.67415, 0.2541, 0.83212, 0.40631, 0.16995, 0.40348, 0.31866, 0.40346, 0.45968, 0.39923, 0.66914, 0.40213, 0.82902, 0.57421, 0.16925, 0.57275, 0.31653, 0.57415, 0.45897, 0.56402, 0.66327, 0.56409, 0.82564, 0.72053, 0.16863, 0.7177, 0.31471, 0.7191, 0.45837, 0.72364, 0.65759, 0.71465, 0.82249, 0.86256, 0.16804, 0.85971, 0.31293, 0.85254, 0.45781, 0.85212, 0.65301, 0.85824, 0.81949 ],
					"triangles": [ 72, 44, 46, 46, 44, 45, 39, 43, 44, 39, 41, 43, 41, 42, 43, 46, 47, 72, 72, 49, 50, 49, 47, 48, 49, 72, 47, 73, 72, 77, 73, 39, 72, 44, 72, 39, 72, 50, 51, 77, 53, 54, 77, 72, 53, 53, 51, 52, 53, 72, 51, 77, 57, 58, 57, 55, 56, 57, 77, 55, 77, 54, 55, 82, 61, 62, 61, 82, 58, 61, 58, 60, 60, 58, 59, 82, 66, 87, 82, 65, 66, 65, 82, 64, 82, 63, 64, 82, 62, 63, 83, 78, 82, 83, 82, 88, 82, 78, 77, 77, 58, 82, 87, 2, 3, 2, 87, 66, 2, 66, 1, 1, 66, 0, 87, 7, 8, 3, 4, 87, 87, 6, 7, 6, 4, 5, 6, 87, 4, 17, 15, 16, 67, 21, 22, 21, 18, 19, 19, 20, 21, 17, 18, 97, 21, 97, 18, 22, 23, 67, 92, 11, 12, 92, 87, 11, 10, 11, 9, 9, 11, 8, 8, 11, 87, 92, 13, 14, 92, 12, 13, 88, 87, 93, 88, 82, 87, 93, 87, 92, 93, 92, 98, 98, 97, 68, 98, 92, 97, 97, 15, 17, 14, 15, 97, 97, 92, 14, 67, 97, 21, 99, 98, 69, 99, 93, 98, 95, 89, 94, 84, 88, 89, 89, 93, 94, 89, 88, 93, 94, 93, 99, 85, 79, 84, 79, 78, 84, 84, 83, 88, 84, 78, 83, 38, 73, 74, 74, 73, 79, 79, 73, 78, 73, 77, 78, 75, 37, 74, 76, 36, 75, 81, 75, 80, 75, 74, 80, 80, 79, 85, 80, 74, 79, 85, 90, 91, 96, 90, 95, 85, 84, 90, 95, 90, 89, 90, 84, 89, 101, 95, 100, 100, 95, 99, 99, 95, 94, 27, 96, 101, 101, 96, 95, 28, 91, 96, 91, 90, 96, 81, 86, 30, 86, 80, 85, 86, 81, 80, 86, 85, 91, 31, 76, 81, 76, 75, 81, 67, 23, 24, 68, 67, 24, 97, 67, 68, 100, 99, 70, 25, 70, 69, 71, 101, 70, 101, 100, 70, 29, 86, 91, 30, 86, 29, 32, 76, 31, 31, 81, 30, 34, 35, 76, 75, 36, 37, 37, 38, 74, 38, 39, 73, 39, 40, 41, 35, 36, 76, 33, 34, 32, 32, 34, 76, 29, 91, 28, 28, 96, 27, 27, 25, 26, 25, 27, 101, 24, 25, 69, 25, 101, 71, 25, 71, 70, 70, 99, 69, 24, 69, 68, 69, 98, 68 ],
					"vertices": [ 4, 15, -80.52, 113.85, 5.7E-4, 9, -44.25, 18.89, 0.66817, 8, 78.84, 39.11, 0.33126, 6, 323.26, 13.61, 0, 3, 9, -30.56, 16.03, 0.75997, 8, 92.53, 36.25, 0.24003, 6, 336.96, 10.75, 0, 6, 18, 133.34, 234.87, 1.4E-4, 15, -52.14, 104.75, 0.00203, 9, -15.87, 9.79, 0.8898, 14, 153.6, 93.32, 3.3E-4, 8, 107.22, 30.01, 0.1077, 6, 351.65, 4.52, 0, 3, 9, -8.85, 10.02, 0.95455, 8, 114.24, 30.24, 0.04545, 6, 358.67, 4.74, 0, 2, 10, -127.98, 34.08, 0.0155, 9, 6.54, 14.73, 0.9845, 3, 15, -14.95, 109.81, 0.03869, 10, -113.2, 34.2, 0.05993, 9, 21.32, 14.86, 0.90138, 3, 15, -1.89, 105.09, 0.09291, 10, -100.14, 29.48, 0.12489, 9, 34.38, 10.13, 0.78219, 3, 15, 6.02, 100.05, 0.13935, 10, -92.23, 24.44, 0.18505, 9, 42.29, 5.1, 0.6756, 3, 15, 16.69, 97.19, 0.17579, 10, -81.56, 21.57, 0.28487, 9, 52.96, 2.23, 0.53934, 3, 15, 43.56, 100.2, 0.17949, 10, -54.69, 24.59, 0.5017, 9, 79.83, 5.25, 0.31881, 3, 15, 53.3, 98.17, 0.1685, 10, -44.95, 22.56, 0.55893, 9, 89.57, 3.21, 0.27256, 4, 19, 49.11, 213.37, 3.4E-4, 15, 71.13, 85, 0.12903, 10, -27.12, 9.39, 0.72986, 9, 107.4, -9.95, 0.14077, 4, 19, 60.26, 211.09, 2.6E-4, 15, 82.28, 82.73, 0.06942, 10, -15.97, 7.11, 0.86353, 9, 118.55, -12.23, 0.06679, 4, 16, -99.51, 70.4, 0.02647, 10, 10.27, 7.1, 0.95613, 11, -104.91, -8.73, 0.01741, 8, 267.88, 7.98, 0, 7, 19, 109.28, 201.54, 0.00433, 20, -100.85, 202.42, 5.0E-5, 16, -76.73, 60.86, 0.1762, 15, 131.3, 73.17, 0.00171, 10, 33.05, -2.44, 0.69277, 11, -82.13, -18.27, 0.12494, 8, 290.66, -1.56, 0, 6, 19, 119.66, 204.99, 0.0027, 16, -66.35, 64.32, 0.23344, 15, 141.68, 76.63, 6.0E-5, 10, 43.43, 1.01, 0.54505, 11, -71.75, -14.81, 0.21876, 8, 301.04, 1.89, 0, 5, 19, 137.38, 219.87, 4.0E-5, 16, -48.63, 79.2, 0.25259, 10, 61.15, 15.89, 0.38142, 11, -54.03, 0.07, 0.36596, 8, 318.76, 16.77, 0, 4, 16, -17.57, 71.49, 0.19162, 10, 92.21, 8.19, 0.1508, 11, -22.96, -7.64, 0.65758, 8, 349.83, 9.07, 0, 4, 16, -8.35, 74.88, 0.11302, 10, 101.44, 11.58, 0.06684, 11, -13.74, -4.25, 0.82014, 8, 359.05, 12.46, 0, 2, 24, 53.97, 344.33, 0, 11, 1.48, 9.34, 1, 3, 24, 63.32, 349.45, 0, 16, 16.23, 93.6, 0.00545, 11, 10.83, 14.47, 0.99455, 3, 24, 95.29, 346.92, 0, 16, 48.19, 91.07, 0.12051, 11, 42.8, 11.94, 0.87949, 4, 24, 107.81, 348.85, 0, 20, 36.59, 234.55, 5.0E-5, 16, 60.71, 93, 0.15846, 11, 55.32, 13.87, 0.84149, 3, 24, 126.09, 355.02, 0, 16, 78.99, 99.16, 0.18365, 11, 73.6, 20.03, 0.81635, 1, 29, 755.18, 554.66, 1, 1, 29, 753.57, 14.32, 1, 1, 29, 754.56, 0.26, 1, 1, 29, 635.15, 0.51, 1, 1, 29, 524.67, 0.73, 1, 1, 29, 399.25, 0.99, 1, 1, 29, 276.14, 1.25, 1, 1, 29, 154.16, 1.5, 1, 1, 29, 48.3, 1.71, 1, 1, 29, -47.44, 1.91, 1, 1, 29, -45.88, 6.21, 1, 1, 29, -45.63, 92.24, 1, 1, 29, -45.38, 178.54, 1, 1, 29, -45.02, 302.81, 1, 1, 29, -44.79, 379.91, 1, 1, 29, -44.54, 465.06, 1, 1, 29, -44.27, 557.74, 1, 3, 8, -312.99, 35.99, 0, 13, -81.97, 99.29, 0.16013, 6, -68.56, 10.49, 0.83987, 3, 8, -300.08, 36.01, 0, 13, -69.07, 99.32, 0.14771, 6, -55.66, 10.51, 0.85229, 3, 8, -288.75, 31.01, 0, 13, -57.73, 94.31, 0.12326, 6, -44.32, 5.51, 0.87674, 2, 13, -50.64, 94.31, 0.09565, 6, -37.23, 5.51, 0.90435, 2, 13, -36.78, 101.54, 0.0306, 6, -23.37, 12.73, 0.9694, 3, 8, -239.39, 33.06, 0, 7, -111.9, 23.39, 0.01674, 6, 5.03, 7.56, 0.98326, 4, 8, -234.15, 34.05, 1.0E-5, 7, -106.67, 24.38, 0.04575, 13, -3.14, 97.36, 0.00858, 6, 10.27, 8.55, 0.94566, 4, 8, -212.61, 37.48, 4.0E-5, 7, -85.12, 27.81, 0.18621, 13, 18.4, 100.78, 0.0449, 6, 31.81, 11.98, 0.76886, 4, 8, -201.9, 34, 5.0E-5, 7, -74.41, 24.32, 0.26084, 13, 29.11, 97.3, 0.06551, 6, 42.53, 8.5, 0.6736, 4, 8, -191.75, 28.84, 7.0E-5, 7, -64.26, 19.17, 0.36905, 13, 39.27, 92.15, 0.08695, 6, 52.68, 3.35, 0.54392, 4, 8, -178.75, 25.03, 1.3E-4, 7, -51.26, 15.35, 0.53126, 13, 52.27, 88.33, 0.09408, 6, 65.68, -0.47, 0.37453, 4, 8, -162.82, 26.49, 2.5E-4, 7, -35.33, 16.82, 0.68807, 13, 68.19, 89.8, 0.07428, 6, 81.6, 1, 0.2374, 5, 14, -96.78, 77.98, 3.1E-4, 8, -143.15, 14.67, 3.2E-4, 7, -15.67, 5, 0.88415, 13, 87.86, 77.98, 0.03526, 6, 101.27, -10.83, 0.07996, 3, 7, -6.6, 2.52, 0.97368, 13, 96.92, 75.49, 0.00878, 6, 110.33, -13.31, 0.01753, 4, 14, -61.86, 80.36, 0.07225, 8, -108.24, 17.06, 0.04201, 7, 19.25, 7.39, 0.88506, 6, 136.19, -8.44, 6.8E-4, 4, 14, -42.92, 80.3, 0.16158, 8, -89.29, 17, 0.10746, 7, 38.2, 7.33, 0.73074, 6, 155.13, -8.5, 2.2E-4, 6, 17, 151.77, 197.79, 3.0E-5, 14, -26.68, 70.3, 0.26474, 8, -73.05, 7, 0.23369, 7, 54.44, -2.68, 0.5014, 13, 157.96, 70.3, 1.1E-4, 6, 171.37, -18.5, 4.0E-5, 4, 14, -15.4, 71.88, 0.27678, 8, -61.78, 8.57, 0.39331, 7, 65.71, -1.1, 0.32991, 6, 182.65, -16.92, 1.0E-5, 4, 14, -4.27, 82.13, 0.22159, 8, -50.64, 18.83, 0.5554, 7, 76.84, 9.15, 0.22301, 6, 193.78, -6.67, 0, 3, 14, 11.8, 82.58, 0.17093, 8, -34.58, 19.28, 0.68739, 7, 92.91, 9.61, 0.14169, 3, 14, 23.92, 78.34, 0.09816, 8, -22.45, 15.03, 0.82649, 7, 105.03, 5.36, 0.07535, 3, 14, 30.68, 79.83, 0.04927, 8, -15.7, 16.52, 0.91038, 7, 111.79, 6.85, 0.04035, 3, 9, -122, 4.76, 0.03232, 8, 1.1, 24.98, 0.96352, 7, 128.58, 15.31, 0.00415, 3, 15, -143.43, 102.74, 3.8E-4, 9, -107.15, 7.79, 0.10216, 8, 15.94, 28.01, 0.89746, 4, 18, 68.08, 232.85, 5.6E-4, 15, -117.4, 102.72, 0.00939, 9, -81.13, 7.76, 0.31238, 8, 41.96, 27.99, 0.67766, 5, 18, 72.2, 233.49, 6.4E-4, 15, -113.28, 103.36, 0.01042, 9, -77.01, 8.4, 0.35741, 14, 92.46, 91.93, 2.0E-4, 8, 46.09, 28.63, 0.63133, 1, 29, 743.56, 464.98, 1, 1, 29, 743.32, 384.44, 1, 1, 29, 743.07, 302.74, 1, 1, 29, 741.6, 195.73, 1, 1, 29, 742.47, 101.37, 1, 6, 18, -203.07, 148.59, 9.0E-5, 14, -182.81, 7.03, 0.00187, 8, -229.19, -56.27, 0, 7, -101.7, -65.95, 0.01863, 13, 1.83, 7.03, 0.9289, 6, 15.24, -81.77, 0.05051, 6, 22, -133.68, 186.2, 5.4E-4, 17, -4.43, 49.92, 0.57173, 18, -203.14, 63.98, 0.01059, 14, -182.88, -77.57, 0.02499, 7, -101.77, -150.55, 0.0085, 13, 1.76, -77.57, 0.38366, 8, 22, -133.62, 108.55, 0.02727, 21, -1.73, 114.71, 0.15573, 17, -4.37, -27.73, 0.80967, 18, -203.08, -13.66, 0.00684, 14, -182.82, -155.22, 4.0E-5, 8, -229.19, -218.52, 0, 13, 1.82, -155.22, 4.4E-4, 6, 15.23, -244.02, 0, 3, 28, -46.84, 91.03, 0.04135, 22, -131.24, -13.6, 0.00491, 21, 0.64, -7.44, 0.95374, 3, 28, -46.86, 3.74, 0.74311, 21, 0.61, -94.74, 0.25689, 6, 17.58, -453.46, 0, 8, 22, -17.39, 271.14, 3.0E-4, 17, 111.86, 134.86, 0.04189, 18, -86.85, 148.93, 0.0278, 14, -66.59, 7.37, 0.41487, 8, -112.97, -55.93, 0.00384, 7, 14.52, -65.61, 0.39227, 13, 118.05, 7.37, 0.11898, 6, 131.46, -81.43, 5.0E-5, 9, 22, -14.07, 187.24, 0.03282, 21, 117.82, 193.4, 4.0E-4, 17, 115.18, 50.96, 0.19216, 18, -83.53, 65.03, 0.26585, 15, -269.01, -65.09, 8.0E-5, 14, -63.27, -76.52, 0.35308, 8, -109.64, -139.83, 0, 7, 17.84, -149.5, 0.05616, 13, 121.37, -76.52, 0.09945, 8, 22, -19.69, 108.88, 0.25415, 21, 112.2, 115.04, 0.03823, 17, 109.56, -27.4, 0.25533, 18, -89.15, -13.33, 0.35726, 14, -68.89, -154.88, 0.07695, 8, -115.26, -218.19, 0, 7, 12.22, -227.86, 0.00456, 13, 115.75, -154.88, 0.01353, 6, 28, 62.35, 93.74, 0.08383, 27, -117.01, 81.44, 0.01741, 22, -22.05, -10.88, 0.80672, 21, 109.83, -4.73, 0.08166, 17, 107.19, -147.16, 0.01038, 8, -117.63, -337.96, 0, 4, 28, 58.86, 5.28, 0.56907, 27, -120.5, -7.03, 0.22994, 22, -25.55, -99.35, 0.19644, 21, 106.34, -93.19, 0.00455, 7, 23, -111.85, 267.95, 1.0E-5, 18, 27.06, 149.26, 0.06507, 19, -180.43, 147.5, 0.00924, 15, -158.42, 19.13, 0.07217, 9, -122.14, -75.82, 0.03057, 14, 47.32, 7.7, 0.47041, 8, 0.95, -55.6, 0.35253, 10, 23, -114.13, 184.68, 0.00968, 17, 223.5, 51.91, 0.00477, 18, 24.79, 65.98, 0.46509, 19, -182.71, 64.22, 0.04234, 15, -160.69, -64.14, 0.08988, 9, -124.42, -159.1, 0.00484, 14, 45.05, -75.57, 0.35045, 8, -1.33, -138.88, 0.03159, 13, 229.69, -75.57, 0.00135, 6, 243.1, -164.38, 0, 9, 27, -0.72, 201.54, 0.01038, 23, -114.14, 105.7, 0.09164, 22, 94.24, 109.22, 0.03789, 18, 24.78, -13, 0.78526, 19, -182.72, -14.75, 0.04118, 15, -160.7, -143.12, 0.02083, 14, 45.04, -154.55, 0.0116, 8, -1.34, -217.85, 0.00122, 6, 243.08, -243.35, 0, 7, 27, -4.11, 84.24, 0.31432, 26, -131.6, 99.19, 0.00217, 23, -117.53, -11.59, 0.21722, 22, 90.84, -8.08, 0.31196, 18, 21.38, -130.29, 0.15334, 19, -186.11, -132.05, 9.8E-4, 6, 239.69, -360.65, 0, 5, 28, 177.57, 7.02, 0.00926, 27, -1.79, -5.29, 0.98526, 26, -129.28, 9.65, 0.00548, 8, -2.41, -424.68, 0, 6, 242.02, -450.18, 0, 9, 23, 22.8, 268.35, 9.0E-5, 18, 161.72, 149.65, 0.01424, 19, -45.78, 147.89, 0.00237, 15, -23.76, 19.53, 0.70267, 10, -122.01, -56.09, 0.01238, 9, 12.51, -75.43, 0.20986, 14, 181.98, 8.1, 0.01875, 8, 135.6, -55.21, 0.03965, 6, 380.02, -80.71, 0, 11, 23, 21.63, 185.87, 0.02034, 18, 160.55, 67.17, 0.09327, 19, -46.95, 65.41, 0.34969, 20, -257.08, 66.29, 9.0E-5, 16, -232.96, -75.26, 0.00147, 15, -24.93, -62.95, 0.48312, 10, -123.18, -138.57, 2.8E-4, 9, 11.34, -157.91, 0.00112, 14, 180.81, -74.38, 0.03568, 8, 134.43, -137.69, 0.01495, 6, 378.86, -163.19, 0, 9, 24, -184.75, 100.82, 0.00126, 23, 22.75, 106.1, 0.21259, 22, 231.13, 109.62, 1.5E-4, 18, 161.67, -12.6, 0.10703, 19, -45.83, -14.35, 0.61254, 15, -23.81, -142.72, 0.056, 14, 181.93, -154.15, 0.00909, 8, 135.55, -217.46, 0.00135, 6, 379.98, -242.95, 0, 5, 26, 0.56, 102.47, 0.06953, 25, -223.64, 111.27, 0.00242, 24, -192.87, -13.58, 0.02437, 23, 14.63, -8.31, 0.88202, 19, -53.95, -128.76, 0.02167, 6, 27, 128.11, -3.4, 0.00925, 26, 0.62, 11.55, 0.90696, 25, -223.58, 20.34, 0.00266, 24, -192.81, -104.51, 0.00753, 23, 14.69, -99.23, 0.07336, 19, -53.89, -219.69, 2.4E-4, 9, 24, -67.35, 263.41, 3.8E-4, 19, 71.57, 148.24, 0.06711, 20, -138.56, 149.11, 0.01605, 16, -114.44, 7.56, 0.15131, 15, 93.59, 19.87, 0.22564, 10, -4.66, -55.74, 0.52724, 11, -119.84, -71.57, 0.00466, 9, 129.86, -75.09, 0.0076, 8, 252.95, -54.87, 0, 7, 24, -69.61, 181.61, 0.02976, 19, 69.31, 66.43, 0.36153, 20, -140.83, 67.31, 0.09593, 16, -116.71, -74.25, 0.16943, 15, 91.32, -61.94, 0.22138, 10, -6.93, -137.55, 0.12197, 8, 250.69, -136.67, 0, 8, 26, 124.94, 217.22, 6.7E-4, 24, -68.49, 101.16, 0.22002, 23, 139, 106.44, 0.02192, 19, 70.42, -14.01, 0.54507, 20, -139.71, -13.14, 0.1228, 16, -115.59, -154.69, 0.04862, 15, 92.44, -142.38, 0.02496, 10, -5.81, -217.99, 0.01593, 7, 26, 128.58, 105.66, 0.09137, 25, -95.62, 114.45, 0.05331, 24, -64.85, -10.4, 0.57676, 23, 142.65, -5.13, 0.14812, 19, 74.07, -125.58, 0.12835, 20, -136.07, -124.7, 0.00204, 16, -111.95, -266.26, 5.0E-5, 5, 26, 121.37, 13.31, 0.3564, 25, -102.84, 22.1, 0.3483, 24, -72.06, -102.75, 0.21612, 23, 135.44, -97.47, 0.07104, 19, 66.86, -217.92, 0.00814, 4, 16, -0.54, 7.89, 0.92983, 10, 109.24, -55.41, 0.01058, 11, -5.94, -71.24, 0.05959, 8, 366.86, -54.53, 0, 6, 24, 44.28, 182.61, 0.00594, 19, 183.19, 67.43, 0.05325, 20, -26.94, 68.31, 0.41005, 16, -2.82, -73.25, 0.49533, 15, 205.21, -60.94, 0.01642, 10, 106.96, -136.55, 0.01901, 8, 25, 7.75, 226.33, 1.8E-4, 24, 38.53, 101.48, 0.17327, 19, 177.44, -13.7, 0.06998, 20, -32.69, -12.82, 0.71501, 16, -8.57, -154.38, 0.03209, 15, 199.46, -142.07, 0.00486, 10, 101.21, -217.68, 0.00461, 8, 358.82, -216.8, 0, 4, 25, 7.42, 117.01, 0.13314, 24, 38.19, -7.84, 0.73635, 20, -33.03, -122.14, 0.13051, 8, 358.49, -326.12, 0, 6, 26, 236.53, 14.99, 0.00113, 25, 12.33, 23.79, 0.8352, 24, 43.1, -101.06, 0.14546, 23, 250.6, -95.79, 4.3E-4, 20, -28.12, -215.36, 0.01778, 8, 363.4, -419.34, 0 ],
					"hull": 67,
					"edges": [ 0, 132, 0, 2, 2, 4, 4, 6, 6, 8, 8, 10, 10, 12, 12, 14, 14, 16, 16, 18, 18, 20, 20, 22, 22, 24, 24, 26, 26, 28, 28, 30, 30, 32, 32, 34, 34, 36, 36, 38, 38, 40, 40, 42, 42, 44, 44, 46, 46, 48, 48, 50, 50, 52, 66, 68, 80, 82, 82, 84, 84, 86, 86, 88, 88, 90, 90, 92, 92, 94, 94, 96, 96, 98, 98, 100, 100, 102, 102, 104, 104, 106, 106, 108, 108, 110, 110, 112, 112, 114, 114, 116, 116, 118, 118, 120, 120, 122, 122, 124, 124, 126, 126, 128, 128, 130, 130, 132, 78, 80, 76, 78, 74, 76, 72, 74, 68, 70, 70, 72, 78, 144, 76, 146, 144, 146, 74, 148, 146, 148, 72, 150, 148, 150, 70, 152, 150, 152, 64, 66, 152, 64, 154, 144, 156, 146, 154, 156, 158, 148, 156, 158, 160, 150, 158, 160, 162, 152, 160, 162, 62, 64, 162, 62, 164, 154, 166, 156, 164, 166, 168, 158, 166, 168, 170, 160, 168, 170, 172, 162, 170, 172, 60, 62, 172, 60, 174, 164, 176, 166, 174, 176, 178, 168, 176, 178, 180, 170, 178, 180, 182, 172, 180, 182, 58, 60, 182, 58, 184, 174, 186, 176, 184, 186, 188, 178, 186, 188, 190, 180, 188, 190, 192, 182, 190, 192, 56, 58, 192, 56, 134, 194, 194, 184, 136, 196, 196, 186, 194, 196, 138, 198, 198, 188, 196, 198, 140, 200, 200, 190, 198, 200, 142, 202, 202, 192, 200, 202, 52, 54, 54, 56, 202, 54 ],
					"width": 802,
					"height": 560
				}
			},
			"Group 2": {
				"Group 2": {
					"type": "mesh",
					"uvs": [ 0.11076, 0.00267, 0.12955, 0.02854, 0.14064, 0.03078, 0.16634, 0.02184, 0.20288, 0.03931, 0.21924, 0.03588, 0.24018, 0.01104, 0.2684, 0.0108, 0.28403, 0.03789, 0.28643, 0.04062, 0.29805, 0.02261, 0.31556, 0.02263, 0.32591, 0.03626, 0.35142, 0.02206, 0.36803, 0.03379, 0.37852, 0.03936, 0.40147, 0.0223, 0.43681, 0.03375, 0.45492, 0.01406, 0.48113, 0.01451, 0.49981, 0.0342, 0.51154, 0.03392, 0.53948, 0.01931, 0.55256, 0.01933, 0.56832, 0.03739, 0.5772, 0.03748, 0.58897, 0.02435, 0.61267, 0.02431, 0.6307, 0.04372, 0.63292, 0.0448, 0.66192, 0.05273, 0.66977, 0.05201, 0.69122, 0.03932, 0.72351, 0.03935, 0.74655, 0.05375, 0.7497, 0.05431, 0.78023, 0.04934, 0.83363, 0.04927, 0.86334, 0.02935, 0.89465, 0.02915, 0.90725, 0.03594, 0.92353, 0.03603, 0.96348, 0.03065, 0.99683, 0.02996, 0.99818, 0.54581, 0.99803, 0.5627, 0.99829, 1, 0.97185, 0.99789, 0.09183, 0.99746, 0.001, 0.99907, 0.00192, 0.12842, 0.00196, 0.016, 0.0105, 0.01093, 0.02891, 0.01093, 0.06025, 0.03269, 0.07334, 0.0268, 0.09381, 0.00261 ],
					"triangles": [ 41, 42, 44, 44, 40, 41, 40, 38, 39, 40, 45, 38, 45, 37, 38, 45, 36, 37, 45, 35, 36, 45, 34, 35, 34, 32, 33, 34, 45, 32, 45, 31, 32, 45, 30, 31, 30, 25, 29, 30, 45, 25, 25, 28, 29, 25, 26, 27, 27, 28, 25, 24, 25, 45, 24, 48, 21, 22, 23, 24, 24, 21, 22, 20, 21, 48, 19, 20, 17, 17, 18, 19, 20, 48, 17, 15, 16, 17, 17, 48, 15, 12, 14, 15, 12, 13, 14, 12, 15, 9, 9, 15, 48, 10, 11, 12, 12, 9, 10, 8, 9, 5, 6, 7, 8, 5, 6, 8, 9, 4, 5, 9, 48, 4, 54, 50, 53, 1, 2, 54, 56, 1, 55, 0, 1, 56, 1, 54, 55, 2, 50, 54, 2, 3, 4, 4, 50, 2, 44, 45, 40, 48, 24, 45, 45, 47, 48, 49, 50, 48, 47, 45, 46, 4, 48, 50, 50, 51, 53, 51, 52, 53, 42, 43, 44 ],
					"vertices": [ 1, 1, 7.23, 9.47, 1, 3, 29, 58.46, 580.77, 0.00248, 1, 22.33, -6.03, 0.85658, 2, -97.95, 5.78, 0.14094, 3, 29, 67.38, 579.4, 0.00343, 1, 31.25, -7.37, 0.75259, 2, -89.03, 4.44, 0.24398, 3, 29, 88.06, 584.7, 0.00393, 1, 51.91, -2.01, 0.5697, 2, -68.37, 9.79, 0.42636, 3, 29, 117.4, 574.14, 0.00451, 1, 81.29, -12.48, 0.29068, 2, -38.99, -0.67, 0.70481, 4, 29, 130.56, 576.16, 0.0026, 1, 94.44, -10.42, 0.14378, 2, -25.84, 1.38, 0.85306, 3, -137.99, 5.81, 5.7E-4, 2, 1, 111.28, 4.46, 0.01569, 2, -9, 16.26, 0.98431, 2, 2, 13.7, 16.41, 0.96791, 3, -98.46, 20.83, 0.03209, 4, 29, 182.65, 574.8, 0.0013, 1, 146.53, -11.63, 1.2E-4, 2, 26.26, 0.18, 0.79946, 3, -85.9, 4.61, 0.19913, 4, 29, 184.57, 573.15, 0.00152, 1, 148.46, -13.27, 8.0E-5, 2, 28.19, -1.46, 0.75463, 3, -83.97, 2.97, 0.24377, 3, 29, 193.95, 583.92, 3.7E-4, 2, 37.53, 9.33, 0.626, 3, -74.63, 13.76, 0.37363, 3, 29, 208.03, 583.86, 5.1E-4, 2, 51.61, 9.32, 0.54356, 3, -60.55, 13.75, 0.45593, 3, 29, 216.32, 575.67, 8.4E-4, 2, 59.93, 1.16, 0.43506, 3, -52.23, 5.58, 0.56409, 2, 2, 80.44, 9.66, 0.23313, 3, -31.72, 14.09, 0.76687, 3, 29, 250.19, 577.05, 3.0E-5, 2, 93.79, 2.63, 0.13757, 3, -18.36, 7.06, 0.8624, 2, 2, 102.23, -0.7, 0.05786, 3, -9.92, 3.73, 0.94214, 2, 3, 8.53, 13.95, 0.965, 4, -112.49, 7.3, 0.035, 3, 29, 305.49, 576.9, 4.2E-4, 3, 36.94, 7.08, 0.72888, 4, -84.07, 0.44, 0.2707, 3, 29, 320.09, 588.66, 4.0E-5, 3, 51.5, 18.88, 0.56812, 4, -69.51, 12.24, 0.43184, 3, 29, 341.16, 588.32, 8.0E-5, 3, 72.57, 18.61, 0.45803, 4, -48.44, 11.97, 0.54189, 3, 29, 356.14, 576.49, 0.00124, 3, 87.59, 6.82, 0.29758, 4, -33.42, 0.18, 0.70118, 3, 29, 365.58, 576.62, 0.00123, 3, 97.02, 6.99, 0.17619, 4, -23.99, 0.35, 0.82258, 2, 3, 119.49, 15.74, 0.00267, 4, -1.53, 9.1, 0.99733, 2, 4, 8.99, 9.08, 0.98895, 5, -117.93, 26.79, 0.01105, 3, 29, 411.22, 574.41, 7.7E-4, 4, 21.66, -1.73, 0.87841, 5, -105.25, 15.98, 0.12082, 3, 29, 418.36, 574.33, 9.1E-4, 4, 28.8, -1.79, 0.80684, 5, -98.11, 15.92, 0.19225, 3, 29, 427.84, 582.17, 1.6E-4, 4, 38.26, 6.08, 0.72489, 5, -88.65, 23.79, 0.27494, 2, 4, 57.32, 6.1, 0.64119, 5, -69.6, 23.81, 0.35881, 4, 29, 461.36, 570.46, 5.9E-4, 3, 192.82, 1.11, 2.0E-5, 4, 71.81, -5.53, 0.49595, 5, -55.1, 12.18, 0.50345, 3, 29, 463.15, 569.81, 5.9E-4, 4, 73.6, -6.17, 0.47472, 5, -53.31, 11.54, 0.52469, 4, 29, 486.45, 564.99, 7.9E-4, 3, 217.93, -4.28, 6.0E-5, 4, 96.92, -10.92, 0.21513, 5, -30, 6.79, 0.78402, 3, 29, 492.76, 565.4, 1.8E-4, 4, 103.23, -10.49, 0.1385, 5, -23.69, 7.22, 0.86132, 2, 4, 120.48, -2.89, 0.0135, 5, -6.44, 14.82, 0.9865, 3, 29, 535.99, 572.86, 0.00256, 4, 146.43, -2.91, 1.0E-5, 5, 19.51, 14.8, 0.99743, 2, 29, 554.49, 564.17, 0.01084, 5, 38.05, 6.17, 0.98916, 2, 29, 557.02, 563.83, 0.01239, 5, 40.57, 5.84, 0.98761, 2, 29, 581.57, 566.73, 0.02316, 5, 65.12, 8.81, 0.97684, 2, 29, 624.51, 566.65, 0.03872, 5, 108.05, 8.86, 0.96128, 2, 29, 648.43, 578.51, 0.04324, 5, 131.94, 20.79, 0.95676, 2, 29, 673.6, 578.55, 0.04733, 5, 157.12, 20.91, 0.95267, 2, 29, 683.72, 574.45, 0.04969, 5, 167.24, 16.84, 0.95031, 2, 29, 696.81, 574.36, 0.05226, 5, 180.33, 16.79, 0.94774, 2, 29, 728.94, 577.48, 0.05544, 5, 212.46, 20.01, 0.94456, 1, 29, 755.76, 577.82, 1, 1, 29, 755.91, 268.82, 1, 1, 29, 755.75, 258.7, 1, 1, 29, 755.18, -3.24, 1, 1, 29, 733.92, -1.91, 1, 4, 29, 26.39, 0.49, 0.9422, 1, -8, -586.41, 0.03925, 2, -128.27, -574.6, 0.01846, 3, -240.43, -570.17, 9.0E-5, 1, 29, -46.64, -0.26, 1, 1, 29, -44.32, 521.25, 1, 1, 29, -44.09, 588.59, 1, 1, 29, -37.22, 591.61, 1, 2, 29, -22.41, 591.56, 0.00266, 1, -58.58, 4.52, 0.99734, 3, 29, 2.74, 578.46, 0.00366, 1, -33.38, -8.51, 0.99433, 2, -153.66, 3.3, 0.00201, 3, 29, 13.28, 581.95, 0.00215, 1, -22.86, -4.99, 0.99587, 2, -143.14, 6.82, 0.00198, 1, 1, -6.4, 9.51, 1 ],
					"hull": 57,
					"edges": [ 0, 112, 0, 2, 2, 4, 4, 6, 6, 8, 8, 10, 10, 12, 12, 14, 14, 16, 16, 18, 18, 20, 20, 22, 22, 24, 24, 26, 26, 28, 28, 30, 30, 32, 32, 34, 34, 36, 36, 38, 38, 40, 40, 42, 42, 44, 44, 46, 46, 48, 48, 50, 50, 52, 52, 54, 54, 56, 56, 58, 58, 60, 60, 62, 62, 64, 64, 66, 66, 68, 68, 70, 70, 72, 72, 74, 74, 76, 76, 78, 78, 80, 80, 82, 82, 84, 84, 86, 86, 88, 88, 90, 90, 92, 92, 94, 94, 96, 96, 98, 98, 100, 100, 102, 102, 104, 104, 106, 106, 108, 108, 110, 110, 112 ],
					"width": 804,
					"height": 599
				}
			},
			"Group 5": {
				"Group 5": {
					"type": "mesh",
					"uvs": [ 1, 1, 0, 1, 0, 0, 1, 0 ],
					"triangles": [ 1, 2, 3, 1, 3, 0 ],
					"vertices": [ 1, 30, 23.26, -24.29, 1, 1, 30, -20.74, -24.29, 1, 1, 30, -20.74, 19.71, 1, 1, 30, 23.26, 19.71, 1 ],
					"hull": 4,
					"edges": [ 0, 2, 2, 4, 4, 6, 0, 6 ],
					"width": 44,
					"height": 44
				}
			},
			"Group 5 copy 6": {
				"Group 5 copy 6": {
					"type": "mesh",
					"uvs": [ 1, 1, 0, 1, 0, 0, 1, 0 ],
					"triangles": [ 1, 2, 3, 1, 3, 0 ],
					"vertices": [ 1, 31, 18.49, -20.67, 1, 1, 31, -14.51, -20.67, 1, 1, 31, -14.51, 12.33, 1, 1, 31, 18.49, 12.33, 1 ],
					"hull": 4,
					"edges": [ 0, 2, 2, 4, 4, 6, 0, 6 ],
					"width": 33,
					"height": 33
				}
			},
			"Group 5 copy 7": {
				"Group 5 copy 7": {
					"type": "mesh",
					"uvs": [ 1, 1, 0, 1, 0, 0, 1, 0 ],
					"triangles": [ 1, 2, 3, 1, 3, 0 ],
					"vertices": [ 1, 32, 12.4, -17.57, 1, 1, 32, -13.6, -17.57, 1, 1, 32, -13.6, 8.43, 1, 1, 32, 12.4, 8.43, 1 ],
					"hull": 4,
					"edges": [ 0, 2, 2, 4, 4, 6, 0, 6 ],
					"width": 26,
					"height": 26
				}
			},
			"Group 5 copy 8": {
				"Group 5 copy 8": {
					"type": "mesh",
					"uvs": [ 1, 1, 0, 1, 0, 0, 1, 0 ],
					"triangles": [ 1, 2, 3, 1, 3, 0 ],
					"vertices": [ 1, 33, 12.03, -14.48, 1, 1, 33, -16.97, -14.48, 1, 1, 33, -16.97, 14.52, 1, 1, 33, 12.03, 14.52, 1 ],
					"hull": 4,
					"edges": [ 0, 2, 2, 4, 4, 6, 0, 6 ],
					"width": 29,
					"height": 29
				}
			},
			"Group 5 copy 9": {
				"Group 5 copy 9": {
					"type": "mesh",
					"uvs": [ 1, 1, 0, 1, 0, 0, 1, 0 ],
					"triangles": [ 1, 2, 3, 1, 3, 0 ],
					"vertices": [ 1, 35, 27.25, -18.91, 1, 1, 35, -16.75, -18.91, 1, 1, 35, -16.75, 25.09, 1, 1, 35, 27.25, 25.09, 1 ],
					"hull": 4,
					"edges": [ 0, 2, 2, 4, 4, 6, 0, 6 ],
					"width": 44,
					"height": 44
				}
			},
			"Group 5 copy 10": {
				"Group 5 copy 10": {
					"type": "mesh",
					"uvs": [ 1, 1, 0, 1, 0, 0, 1, 0 ],
					"triangles": [ 1, 2, 3, 1, 3, 0 ],
					"vertices": [ 1, 36, 12.03, -13.7, 1, 1, 36, -12.97, -13.7, 1, 1, 36, -12.97, 11.3, 1, 1, 36, 12.03, 11.3, 1 ],
					"hull": 4,
					"edges": [ 0, 2, 2, 4, 4, 6, 0, 6 ],
					"width": 25,
					"height": 25
				}
			},
			"Group 5 copy 11": {
				"Group 5 copy 11": {
					"type": "mesh",
					"uvs": [ 1, 1, 0, 1, 0, 0, 1, 0 ],
					"triangles": [ 1, 2, 3, 1, 3, 0 ],
					"vertices": [ 1, 34, 14.65, -19.5, 1, 1, 34, -16.35, -19.5, 1, 1, 34, -16.35, 11.5, 1, 1, 34, 14.65, 11.5, 1 ],
					"hull": 4,
					"edges": [ 0, 2, 2, 4, 4, 6, 0, 6 ],
					"width": 31,
					"height": 31
				}
			}
		}
	}
],
"animations": {
	"animation": {
		"slots": {
			"Group 5": {
				"rgba": [
					{ "color": "ffffff00", "curve": "stepped" },
					{ "time": 1.3333, "color": "ffffff00" }
				]
			},
			"Group 5 copy 6": {
				"rgba": [
					{ "color": "ffffff00", "curve": "stepped" },
					{ "time": 1.3333, "color": "ffffff00" }
				]
			},
			"Group 5 copy 7": {
				"rgba": [
					{ "color": "ffffff00", "curve": "stepped" },
					{ "time": 1.3333, "color": "ffffff00" }
				]
			},
			"Group 5 copy 8": {
				"rgba": [
					{ "color": "ffffff00", "curve": "stepped" },
					{ "time": 1.3333, "color": "ffffff00" }
				]
			},
			"Group 5 copy 9": {
				"rgba": [
					{ "color": "ffffff00", "curve": "stepped" },
					{ "time": 1.3333, "color": "ffffff00" }
				]
			},
			"Group 5 copy 10": {
				"rgba": [
					{ "color": "ffffff00", "curve": "stepped" },
					{ "time": 1.3333, "color": "ffffff00" }
				]
			},
			"Group 5 copy 11": {
				"rgba": [
					{ "color": "ffffff00", "curve": "stepped" },
					{ "time": 1.3333, "color": "ffffff00" }
				]
			}
		},
		"bones": {
			"root": {
				"rotate": [
					{ "curve": "stepped" },
					{ "time": 1.3333 }
				],
				"translate": [
					{ "curve": "stepped" },
					{ "time": 1.3333 }
				],
				"scale": [
					{ "curve": "stepped" },
					{ "time": 1.3333 }
				],
				"shear": [
					{ "curve": "stepped" },
					{ "time": 1.3333 }
				]
			},
			"bone": {
				"rotate": [
					{ "curve": "stepped" },
					{ "time": 1.3333 }
				],
				"translate": [
					{
						"curve": [ 0.111, 0, 0.556, 0, 0.111, 0, 0.556, -4.62 ]
					},
					{
						"time": 0.6667,
						"y": -4.62,
						"curve": [ 0.778, 0, 1.222, 0, 0.778, -4.62, 1.222, 0 ]
					},
					{ "time": 1.3333 }
				],
				"scale": [
					{ "curve": "stepped" },
					{ "time": 1.3333 }
				],
				"shear": [
					{ "curve": "stepped" },
					{ "time": 1.3333 }
				]
			},
			"bone2": {
				"rotate": [
					{ "curve": "stepped" },
					{ "time": 1.3333 }
				],
				"translate": [
					{
						"curve": [ 0.111, 0, 0.556, 0, 0.111, 0, 0.556, -3.09 ]
					},
					{
						"time": 0.6667,
						"y": -3.09,
						"curve": [ 0.778, 0, 1.222, 0, 0.778, -3.09, 1.222, 0 ]
					},
					{ "time": 1.3333 }
				],
				"scale": [
					{ "curve": "stepped" },
					{ "time": 1.3333 }
				],
				"shear": [
					{ "curve": "stepped" },
					{ "time": 1.3333 }
				]
			},
			"bone3": {
				"rotate": [
					{ "curve": "stepped" },
					{ "time": 1.3333 }
				],
				"translate": [
					{
						"curve": [ 0.111, 0, 0.556, 0, 0.111, 0, 0.556, -4.62 ]
					},
					{
						"time": 0.6667,
						"y": -4.62,
						"curve": [ 0.778, 0, 1.222, 0, 0.778, -4.62, 1.222, 0 ]
					},
					{ "time": 1.3333 }
				],
				"scale": [
					{ "curve": "stepped" },
					{ "time": 1.3333 }
				],
				"shear": [
					{ "curve": "stepped" },
					{ "time": 1.3333 }
				]
			},
			"bone4": {
				"rotate": [
					{ "curve": "stepped" },
					{ "time": 1.3333 }
				],
				"translate": [
					{
						"curve": [ 0.111, 0, 0.556, 0, 0.111, 0, 0.556, -3.09 ]
					},
					{
						"time": 0.6667,
						"y": -3.09,
						"curve": [ 0.778, 0, 1.222, 0, 0.778, -3.09, 1.222, 0 ]
					},
					{ "time": 1.3333 }
				],
				"scale": [
					{ "curve": "stepped" },
					{ "time": 1.3333 }
				],
				"shear": [
					{ "curve": "stepped" },
					{ "time": 1.3333 }
				]
			},
			"bone5": {
				"rotate": [
					{ "curve": "stepped" },
					{ "time": 1.3333 }
				],
				"translate": [
					{
						"curve": [ 0.111, 0, 0.556, 0, 0.111, 0, 0.556, -4.62 ]
					},
					{
						"time": 0.6667,
						"y": -4.62,
						"curve": [ 0.778, 0, 1.222, 0, 0.778, -4.62, 1.222, 0 ]
					},
					{ "time": 1.3333 }
				],
				"scale": [
					{ "curve": "stepped" },
					{ "time": 1.3333 }
				],
				"shear": [
					{ "curve": "stepped" },
					{ "time": 1.3333 }
				]
			},
			"bone6": {
				"rotate": [
					{ "curve": "stepped" },
					{ "time": 1.3333 }
				],
				"translate": [
					{
						"curve": [ 0.111, 0, 0.556, 0, 0.111, 0, 0.556, 2.08 ]
					},
					{
						"time": 0.6667,
						"y": 2.08,
						"curve": [ 0.778, 0, 1.222, 0, 0.778, 2.08, 1.222, 0 ]
					},
					{ "time": 1.3333 }
				],
				"scale": [
					{ "curve": "stepped" },
					{ "time": 1.3333 }
				],
				"shear": [
					{ "curve": "stepped" },
					{ "time": 1.3333 }
				]
			},
			"bone7": {
				"rotate": [
					{ "curve": "stepped" },
					{ "time": 1.3333 }
				],
				"translate": [
					{ "curve": "stepped" },
					{ "time": 1.3333 }
				],
				"scale": [
					{ "curve": "stepped" },
					{ "time": 1.3333 }
				],
				"shear": [
					{ "curve": "stepped" },
					{ "time": 1.3333 }
				]
			},
			"bone8": {
				"rotate": [
					{ "curve": "stepped" },
					{ "time": 1.3333 }
				],
				"translate": [
					{
						"curve": [ 0.111, 0, 0.556, 0, 0.111, 0, 0.556, 7.42 ]
					},
					{
						"time": 0.6667,
						"y": 7.42,
						"curve": [ 0.778, 0, 1.222, 0, 0.778, 7.42, 1.222, 0 ]
					},
					{ "time": 1.3333 }
				],
				"scale": [
					{ "curve": "stepped" },
					{ "time": 1.3333 }
				],
				"shear": [
					{ "curve": "stepped" },
					{ "time": 1.3333 }
				]
			},
			"bone9": {
				"rotate": [
					{ "curve": "stepped" },
					{ "time": 1.3333 }
				],
				"translate": [
					{ "curve": "stepped" },
					{ "time": 1.3333 }
				],
				"scale": [
					{ "curve": "stepped" },
					{ "time": 1.3333 }
				],
				"shear": [
					{ "curve": "stepped" },
					{ "time": 1.3333 }
				]
			},
			"bone10": {
				"rotate": [
					{ "curve": "stepped" },
					{ "time": 1.3333 }
				],
				"translate": [
					{
						"curve": [ 0.111, 0, 0.556, 0, 0.111, 0, 0.556, 5.64 ]
					},
					{
						"time": 0.6667,
						"y": 5.64,
						"curve": [ 0.778, 0, 1.222, 0, 0.778, 5.64, 1.222, 0 ]
					},
					{ "time": 1.3333 }
				],
				"scale": [
					{ "curve": "stepped" },
					{ "time": 1.3333 }
				],
				"shear": [
					{ "curve": "stepped" },
					{ "time": 1.3333 }
				]
			},
			"bone11": {
				"rotate": [
					{ "curve": "stepped" },
					{ "time": 1.3333 }
				],
				"translate": [
					{ "curve": "stepped" },
					{ "time": 1.3333 }
				],
				"scale": [
					{ "curve": "stepped" },
					{ "time": 1.3333 }
				],
				"shear": [
					{ "curve": "stepped" },
					{ "time": 1.3333 }
				]
			},
			"bone12": {
				"rotate": [
					{ "curve": "stepped" },
					{ "time": 1.3333 }
				],
				"translate": [
					{
						"curve": [ 0.111, 0, 0.556, 0, 0.111, 0, 0.556, -3.09 ]
					},
					{
						"time": 0.6667,
						"y": -3.09,
						"curve": [ 0.778, 0, 1.222, 0, 0.778, -3.09, 1.222, 0 ]
					},
					{ "time": 1.3333 }
				],
				"scale": [
					{ "curve": "stepped" },
					{ "time": 1.3333 }
				],
				"shear": [
					{ "curve": "stepped" },
					{ "time": 1.3333 }
				]
			},
			"bone13": {
				"rotate": [
					{ "curve": "stepped" },
					{ "time": 1.3333 }
				],
				"translate": [
					{
						"curve": [ 0.111, 0, 0.556, 0, 0.111, 0, 0.556, 5.37 ]
					},
					{
						"time": 0.6667,
						"y": 5.37,
						"curve": [ 0.778, 0, 1.222, 0, 0.778, 5.37, 1.222, 0 ]
					},
					{ "time": 1.3333 }
				],
				"scale": [
					{ "curve": "stepped" },
					{ "time": 1.3333 }
				],
				"shear": [
					{ "curve": "stepped" },
					{ "time": 1.3333 }
				]
			},
			"bone14": {
				"rotate": [
					{ "curve": "stepped" },
					{ "time": 1.3333 }
				],
				"translate": [
					{
						"curve": [ 0.111, 0, 0.556, 0, 0.111, 0, 0.556, -10.74 ]
					},
					{
						"time": 0.6667,
						"y": -10.74,
						"curve": [ 0.778, 0, 1.222, 0, 0.778, -10.74, 1.222, 0 ]
					},
					{ "time": 1.3333 }
				],
				"scale": [
					{ "curve": "stepped" },
					{ "time": 1.3333 }
				],
				"shear": [
					{ "curve": "stepped" },
					{ "time": 1.3333 }
				]
			},
			"bone15": {
				"rotate": [
					{ "curve": "stepped" },
					{ "time": 1.3333 }
				],
				"translate": [
					{
						"curve": [ 0.111, 0, 0.556, 0, 0.111, 0, 0.556, 5.37 ]
					},
					{
						"time": 0.6667,
						"y": 5.37,
						"curve": [ 0.778, 0, 1.222, 0, 0.778, 5.37, 1.222, 0 ]
					},
					{ "time": 1.3333 }
				],
				"scale": [
					{ "curve": "stepped" },
					{ "time": 1.3333 }
				],
				"shear": [
					{ "curve": "stepped" },
					{ "time": 1.3333 }
				]
			},
			"bone16": {
				"rotate": [
					{ "curve": "stepped" },
					{ "time": 1.3333 }
				],
				"translate": [
					{
						"curve": [ 0.111, 0, 0.556, 0, 0.111, 0, 0.556, -10.74 ]
					},
					{
						"time": 0.6667,
						"y": -10.74,
						"curve": [ 0.778, 0, 1.222, 0, 0.778, -10.74, 1.222, 0 ]
					},
					{ "time": 1.3333 }
				],
				"scale": [
					{ "curve": "stepped" },
					{ "time": 1.3333 }
				],
				"shear": [
					{ "curve": "stepped" },
					{ "time": 1.3333 }
				]
			},
			"bone17": {
				"rotate": [
					{ "curve": "stepped" },
					{ "time": 1.3333 }
				],
				"translate": [
					{
						"curve": [ 0.111, 0, 0.556, 0, 0.111, 0, 0.556, -10.74 ]
					},
					{
						"time": 0.6667,
						"y": -10.74,
						"curve": [ 0.778, 0, 1.222, 0, 0.778, -10.74, 1.222, 0 ]
					},
					{ "time": 1.3333 }
				],
				"scale": [
					{ "curve": "stepped" },
					{ "time": 1.3333 }
				],
				"shear": [
					{ "curve": "stepped" },
					{ "time": 1.3333 }
				]
			},
			"bone18": {
				"rotate": [
					{ "curve": "stepped" },
					{ "time": 1.3333 }
				],
				"translate": [
					{
						"curve": [ 0.111, 0, 0.556, 0, 0.111, 0, 0.556, 5.37 ]
					},
					{
						"time": 0.6667,
						"y": 5.37,
						"curve": [ 0.778, 0, 1.222, 0, 0.778, 5.37, 1.222, 0 ]
					},
					{ "time": 1.3333 }
				],
				"scale": [
					{ "curve": "stepped" },
					{ "time": 1.3333 }
				],
				"shear": [
					{ "curve": "stepped" },
					{ "time": 1.3333 }
				]
			},
			"bone19": {
				"rotate": [
					{ "curve": "stepped" },
					{ "time": 1.3333 }
				],
				"translate": [
					{
						"curve": [ 0.111, 0, 0.556, 0, 0.111, 0, 0.556, -10.74 ]
					},
					{
						"time": 0.6667,
						"y": -10.74,
						"curve": [ 0.778, 0, 1.222, 0, 0.778, -10.74, 1.222, 0 ]
					},
					{ "time": 1.3333 }
				],
				"scale": [
					{ "curve": "stepped" },
					{ "time": 1.3333 }
				],
				"shear": [
					{ "curve": "stepped" },
					{ "time": 1.3333 }
				]
			},
			"bone20": {
				"rotate": [
					{ "curve": "stepped" },
					{ "time": 1.3333 }
				],
				"translate": [
					{
						"curve": [ 0.111, 0, 0.556, 0, 0.111, 0, 0.556, 5.37 ]
					},
					{
						"time": 0.6667,
						"y": 5.37,
						"curve": [ 0.778, 0, 1.222, 0, 0.778, 5.37, 1.222, 0 ]
					},
					{ "time": 1.3333 }
				],
				"scale": [
					{ "curve": "stepped" },
					{ "time": 1.3333 }
				],
				"shear": [
					{ "curve": "stepped" },
					{ "time": 1.3333 }
				]
			},
			"bone21": {
				"rotate": [
					{ "curve": "stepped" },
					{ "time": 1.3333 }
				],
				"translate": [
					{
						"curve": [ 0.111, 0, 0.556, 0, 0.111, 0, 0.556, 5.37 ]
					},
					{
						"time": 0.6667,
						"y": 5.37,
						"curve": [ 0.778, 0, 1.222, 0, 0.778, 5.37, 1.222, 0 ]
					},
					{ "time": 1.3333 }
				],
				"scale": [
					{ "curve": "stepped" },
					{ "time": 1.3333 }
				],
				"shear": [
					{ "curve": "stepped" },
					{ "time": 1.3333 }
				]
			},
			"bone22": {
				"rotate": [
					{ "curve": "stepped" },
					{ "time": 1.3333 }
				],
				"translate": [
					{
						"curve": [ 0.111, 0, 0.556, 0, 0.111, 0, 0.556, -10.74 ]
					},
					{
						"time": 0.6667,
						"y": -10.74,
						"curve": [ 0.778, 0, 1.222, 0, 0.778, -10.74, 1.222, 0 ]
					},
					{ "time": 1.3333 }
				],
				"scale": [
					{ "curve": "stepped" },
					{ "time": 1.3333 }
				],
				"shear": [
					{ "curve": "stepped" },
					{ "time": 1.3333 }
				]
			},
			"bone23": {
				"rotate": [
					{ "curve": "stepped" },
					{ "time": 1.3333 }
				],
				"translate": [
					{
						"curve": [ 0.111, 0, 0.556, 0, 0.111, 0, 0.556, 5.37 ]
					},
					{
						"time": 0.6667,
						"y": 5.37,
						"curve": [ 0.778, 0, 1.222, 0, 0.778, 5.37, 1.222, 0 ]
					},
					{ "time": 1.3333 }
				],
				"scale": [
					{ "curve": "stepped" },
					{ "time": 1.3333 }
				],
				"shear": [
					{ "curve": "stepped" },
					{ "time": 1.3333 }
				]
			},
			"bone24": {
				"rotate": [
					{ "curve": "stepped" },
					{ "time": 1.3333 }
				],
				"translate": [
					{
						"curve": [ 0.111, 0, 0.556, 0, 0.111, 0, 0.556, -10.74 ]
					},
					{
						"time": 0.6667,
						"y": -10.74,
						"curve": [ 0.778, 0, 1.222, 0, 0.778, -10.74, 1.222, 0 ]
					},
					{ "time": 1.3333 }
				],
				"scale": [
					{ "curve": "stepped" },
					{ "time": 1.3333 }
				],
				"shear": [
					{ "curve": "stepped" },
					{ "time": 1.3333 }
				]
			},
			"bone25": {
				"rotate": [
					{ "curve": "stepped" },
					{ "time": 1.3333 }
				],
				"translate": [
					{ "curve": "stepped" },
					{ "time": 1.3333 }
				],
				"scale": [
					{ "curve": "stepped" },
					{ "time": 1.3333 }
				],
				"shear": [
					{ "curve": "stepped" },
					{ "time": 1.3333 }
				]
			},
			"bone26": {
				"rotate": [
					{ "curve": "stepped" },
					{ "time": 1.3333 }
				],
				"translate": [
					{
						"curve": [ 0.111, 0, 0.556, 0, 0.111, 0, 0.556, -5.37 ]
					},
					{
						"time": 0.6667,
						"y": -5.37,
						"curve": [ 0.778, 0, 1.222, 0, 0.778, -5.37, 1.222, 0 ]
					},
					{ "time": 1.3333 }
				],
				"scale": [
					{ "curve": "stepped" },
					{ "time": 1.3333 }
				],
				"shear": [
					{ "curve": "stepped" },
					{ "time": 1.3333 }
				]
			},
			"bone27": {
				"rotate": [
					{ "curve": "stepped" },
					{ "time": 1.3333 }
				],
				"translate": [
					{ "curve": "stepped" },
					{ "time": 1.3333 }
				],
				"scale": [
					{ "curve": "stepped" },
					{ "time": 1.3333 }
				],
				"shear": [
					{ "curve": "stepped" },
					{ "time": 1.3333 }
				]
			},
			"bone28": {
				"rotate": [
					{ "curve": "stepped" },
					{ "time": 1.3333 }
				],
				"translate": [
					{
						"curve": [ 0.111, 0, 0.556, 0, 0.111, 0, 0.556, -5.37 ]
					},
					{
						"time": 0.6667,
						"y": -5.37,
						"curve": [ 0.778, 0, 1.222, 0, 0.778, -5.37, 1.222, 0 ]
					},
					{ "time": 1.3333 }
				],
				"scale": [
					{ "curve": "stepped" },
					{ "time": 1.3333 }
				],
				"shear": [
					{ "curve": "stepped" },
					{ "time": 1.3333 }
				]
			},
			"main": {
				"rotate": [
					{ "curve": "stepped" },
					{ "time": 1.3333 }
				],
				"translate": [
					{ "curve": "stepped" },
					{ "time": 1.3333 }
				],
				"scale": [
					{ "curve": "stepped" },
					{ "time": 1.3333 }
				],
				"shear": [
					{ "curve": "stepped" },
					{ "time": 1.3333 }
				]
			}
		},
		"deform": {
			"default": {
				"Group 5": {
					"Group 5": [
						{
							"curve": [ 0.444, 0, 0.889, 1 ]
						},
						{
							"time": 1.3333,
							"offset": 1,
							"vertices": [ 494.15045, 3.0E-5, 494.15045, 3.0E-5, 494.15045, 3.0E-5, 494.15045 ]
						}
					]
				},
				"Group 5 copy 6": {
					"Group 5 copy 6": [
						{
							"curve": [ 0.444, 0, 0.889, 1 ]
						},
						{
							"time": 1.3333,
							"offset": 1,
							"vertices": [ 495.04596, 3.0E-5, 495.04596, 3.0E-5, 495.04596, 3.0E-5, 495.04596 ]
						}
					]
				},
				"Group 5 copy 7": {
					"Group 5 copy 7": [
						{
							"curve": [ 0.444, 0, 0.889, 1 ]
						},
						{
							"time": 1.3333,
							"offset": 1,
							"vertices": [ 491.4638, 2.0E-5, 491.4638, 2.0E-5, 491.4638, 2.0E-5, 491.4638 ]
						}
					]
				},
				"Group 5 copy 8": {
					"Group 5 copy 8": [
						{
							"curve": [ 0.444, 0, 0.889, 1 ]
						},
						{
							"time": 1.3333,
							"offset": 1,
							"vertices": [ 502.21008, 2.0E-5, 502.21008, 2.0E-5, 502.21008, 2.0E-5, 502.21008 ]
						}
					]
				},
				"Group 5 copy 9": {
					"Group 5 copy 9": [
						{
							"curve": [ 0.444, 0, 0.889, 1 ]
						},
						{
							"time": 1.3333,
							"offset": 1,
							"vertices": [ 469.07574, 3.0E-5, 469.07574, 3.0E-5, 469.07574, 3.0E-5, 469.07574 ]
						}
					]
				},
				"Group 5 copy 10": {
					"Group 5 copy 10": [
						{
							"curve": [ 0.444, 0, 0.889, 1 ]
						},
						{
							"time": 1.3333,
							"offset": 1,
							"vertices": [ 509.3744, 3.0E-5, 509.3744, 3.0E-5, 509.3744, 3.0E-5, 509.3744 ]
						}
					]
				},
				"Group 5 copy 11": {
					"Group 5 copy 11": [
						{
							"curve": [ 0.444, 0, 0.889, 1 ]
						},
						{
							"time": 1.3333,
							"offset": 1,
							"vertices": [ 491.46384, 2.0E-5, 491.46384, 2.0E-5, 491.46384, 2.0E-5, 491.46384 ]
						}
					]
				}
			}
		}
	},
	"animation2": {
		"slots": {
			"Group 5": {
				"rgba": [
					{
						"color": "ffffff00",
						"curve": [ 0.056, 1, 0.111, 1, 0.056, 1, 0.111, 1, 0.056, 1, 0.111, 1, 0.056, 0, 0.111, 1 ]
					},
					{ "time": 0.1667, "color": "ffffffff", "curve": "stepped" },
					{
						"time": 0.8333,
						"color": "ffffffff",
						"curve": [ 0.889, 1, 0.944, 1, 0.889, 1, 0.944, 1, 0.889, 1, 0.944, 1, 0.889, 1, 0.944, 0 ]
					},
					{ "time": 1, "color": "ffffff00", "curve": "stepped" },
					{ "time": 1.3333, "color": "ffffff00" }
				]
			},
			"Group 5 copy 6": {
				"rgba": [
					{
						"color": "ffffff00",
						"curve": [ 0.056, 1, 0.111, 1, 0.056, 1, 0.111, 1, 0.056, 1, 0.111, 1, 0.056, 0, 0.111, 1 ]
					},
					{ "time": 0.1667, "color": "ffffffff", "curve": "stepped" },
					{
						"time": 1,
						"color": "ffffffff",
						"curve": [ 1.056, 1, 1.111, 1, 1.056, 1, 1.111, 1, 1.056, 1, 1.111, 1, 1.056, 1, 1.111, 0 ]
					},
					{ "time": 1.1667, "color": "ffffff00", "curve": "stepped" },
					{ "time": 1.3333, "color": "ffffff00" }
				]
			},
			"Group 5 copy 7": {
				"rgba": [
					{ "color": "ffffff00", "curve": "stepped" },
					{
						"time": 0.3333,
						"color": "ffffff00",
						"curve": [ 0.389, 1, 0.444, 1, 0.389, 1, 0.444, 1, 0.389, 1, 0.444, 1, 0.389, 0, 0.444, 0.67 ]
					},
					{ "time": 0.5, "color": "ffffffff" }
				],
				"attachment": [
					{ "time": 0.3333, "name": "Group 5 copy 7" }
				]
			},
			"Group 5 copy 8": {
				"rgba": [
					{
						"color": "ffffffff",
						"curve": [ 0.056, 1, 0.111, 1, 0.056, 1, 0.111, 1, 0.056, 1, 0.111, 1, 0.056, 1, 0.111, 0 ]
					},
					{ "time": 0.1667, "color": "ffffff00", "curve": "stepped" },
					{
						"time": 0.5,
						"color": "ffffff00",
						"curve": [ 0.556, 1, 0.611, 1, 0.556, 1, 0.611, 1, 0.556, 1, 0.611, 1, 0.556, 0, 0.611, 1 ]
					},
					{ "time": 0.6667, "color": "fffffffe", "curve": "stepped" },
					{ "time": 1.3333, "color": "fffffffe" }
				]
			},
			"Group 5 copy 9": {
				"rgba": [
					{
						"color": "ffffff00",
						"curve": [ 0.056, 1, 0.111, 1, 0.056, 1, 0.111, 1, 0.056, 1, 0.111, 1, 0.056, 0, 0.111, 1 ]
					},
					{ "time": 0.1667, "color": "ffffffff", "curve": "stepped" },
					{
						"time": 0.8333,
						"color": "ffffffff",
						"curve": [ 0.889, 1, 0.944, 1, 0.889, 1, 0.944, 1, 0.889, 1, 0.944, 1, 0.889, 1, 0.944, 0 ]
					},
					{ "time": 1, "color": "ffffff00", "curve": "stepped" },
					{ "time": 1.3333, "color": "ffffff00" }
				]
			},
			"Group 5 copy 10": {
				"rgba": [
					{ "color": "ffffff00", "curve": "stepped" },
					{
						"time": 0.1667,
						"color": "ffffff00",
						"curve": [ 0.222, 1, 0.278, 1, 0.222, 1, 0.278, 1, 0.222, 1, 0.278, 1, 0.222, 0, 0.278, 1 ]
					},
					{ "time": 0.3333, "color": "ffffffff", "curve": "stepped" },
					{
						"time": 1,
						"color": "ffffffff",
						"curve": [ 1.056, 1, 1.111, 1, 1.056, 1, 1.111, 1, 1.056, 1, 1.111, 1, 1.056, 1, 1.111, 0 ]
					},
					{ "time": 1.1667, "color": "ffffff00", "curve": "stepped" },
					{ "time": 1.3333, "color": "ffffff00" }
				]
			},
			"Group 5 copy 11": {
				"rgba": [
					{
						"color": "ffffffff",
						"curve": [ 0.111, 1, 0.222, 1, 0.111, 1, 0.222, 1, 0.111, 1, 0.222, 1, 0.111, 1, 0.222, 0 ]
					},
					{ "time": 0.3333, "color": "ffffff00", "curve": "stepped" },
					{
						"time": 0.6667,
						"color": "ffffff00",
						"curve": [ 0.722, 1, 0.778, 1, 0.722, 1, 0.778, 1, 0.722, 1, 0.778, 1, 0.722, 0, 0.778, 0.67 ]
					},
					{ "time": 0.8333, "color": "ffffffff" }
				]
			}
		},
		"bones": {
			"bone29": {
				"rotate": [
					{ "curve": "stepped" },
					{ "time": 1, "curve": "stepped" },
					{ "time": 1.3333 }
				],
				"translate": [
					{
						"curve": [ 0.444, 0, 0.556, 0, 0.444, 0, 0.556, 454 ]
					},
					{
						"time": 1,
						"y": 454,
						"curve": [ 1.222, 0, 1.111, 0, 1.222, 454, 1.111, 0 ]
					},
					{ "time": 1.3333 }
				],
				"scale": [
					{ "curve": "stepped" },
					{ "time": 1, "curve": "stepped" },
					{ "time": 1.3333 }
				],
				"shear": [
					{ "curve": "stepped" },
					{ "time": 1, "curve": "stepped" },
					{ "time": 1.3333 }
				]
			},
			"bone30": {
				"rotate": [
					{ "curve": "stepped" },
					{ "time": 0.1667, "curve": "stepped" },
					{ "time": 1.1667, "curve": "stepped" },
					{ "time": 1.3333 }
				],
				"translate": [
					{
						"y": 247.15,
						"curve": [ 0.028, 0, 0.056, 0, 0.028, 124.4, 0.056, 0 ]
					},
					{
						"time": 0.1667,
						"curve": [ 0.611, 0, 0.722, 0, 0.611, 0, 0.722, 494.3 ]
					},
					{
						"time": 1.1667,
						"y": 494.3,
						"curve": [ 1.279, 0, 1.306, 0, 1.279, 494.3, 1.306, 371.54 ]
					},
					{ "time": 1.3333, "y": 247.15 }
				],
				"scale": [
					{ "curve": "stepped" },
					{ "time": 0.1667, "curve": "stepped" },
					{ "time": 1.1667, "curve": "stepped" },
					{ "time": 1.3333 }
				],
				"shear": [
					{ "curve": "stepped" },
					{ "time": 0.1667, "curve": "stepped" },
					{ "time": 1.1667, "curve": "stepped" },
					{ "time": 1.3333 }
				]
			},
			"bone31": {
				"rotate": [
					{ "curve": "stepped" },
					{ "time": 0.3333, "curve": "stepped" },
					{ "time": 1.3333 }
				],
				"translate": [
					{
						"y": 444.3,
						"curve": [ 0.222, 0, 0.111, 0, 0.222, 444.3, 0.111, 0 ]
					},
					{
						"time": 0.3333,
						"curve": [ 0.778, 0, 0.889, 0, 0.778, 0, 0.889, 444.3 ]
					},
					{ "time": 1.3333, "y": 444.3 }
				],
				"scale": [
					{ "curve": "stepped" },
					{ "time": 0.3333, "curve": "stepped" },
					{ "time": 1.3333 }
				],
				"shear": [
					{ "curve": "stepped" },
					{ "time": 0.3333, "curve": "stepped" },
					{ "time": 1.3333 }
				]
			},
			"bone32": {
				"rotate": [
					{ "curve": "stepped" },
					{ "time": 0.2, "curve": "stepped" },
					{ "time": 0.5333, "curve": "stepped" },
					{ "time": 1.3333 }
				],
				"translate": [
					{
						"y": 441.29,
						"curve": [ 0.08, 0, 0.149, 0, 0.08, 483.02, 0.149, 512.21 ]
					},
					{
						"time": 0.2,
						"y": 512.21,
						"curve": [ 0.422, 0, 0.311, 0, 0.422, 512.21, 0.311, 0 ]
					},
					{
						"time": 0.5333,
						"curve": [ 0.704, 0, 1.073, 0, 0.704, 0, 1.073, 301.59 ]
					},
					{ "time": 1.3333, "y": 441.29 }
				],
				"scale": [
					{ "curve": "stepped" },
					{ "time": 0.2, "curve": "stepped" },
					{ "time": 0.5333, "curve": "stepped" },
					{ "time": 1.3333 }
				],
				"shear": [
					{ "curve": "stepped" },
					{ "time": 0.2, "curve": "stepped" },
					{ "time": 0.5333, "curve": "stepped" },
					{ "time": 1.3333 }
				]
			},
			"bone33": {
				"rotate": [
					{ "curve": "stepped" },
					{ "time": 0.3333, "curve": "stepped" },
					{ "time": 0.6667, "curve": "stepped" },
					{ "time": 1.3333 }
				],
				"translate": [
					{
						"y": 362.62,
						"curve": [ 0.094, 0, 0.199, 0, 0.094, 422.54, 0.199, 467.43 ]
					},
					{
						"time": 0.3333,
						"y": 467.43,
						"curve": [ 0.556, 0, 0.444, 0, 0.556, 467.43, 0.444, 0 ]
					},
					{
						"time": 0.6667,
						"curve": [ 0.976, 0, 1.124, 0, 0.976, 0, 1.124, 224.98 ]
					},
					{ "time": 1.3333, "y": 362.62 }
				],
				"scale": [
					{ "curve": "stepped" },
					{ "time": 0.3333, "curve": "stepped" },
					{ "time": 0.6667, "curve": "stepped" },
					{ "time": 1.3333 }
				],
				"shear": [
					{ "curve": "stepped" },
					{ "time": 0.3333, "curve": "stepped" },
					{ "time": 0.6667, "curve": "stepped" },
					{ "time": 1.3333 }
				]
			},
			"bone34": {
				"rotate": [
					{ "curve": "stepped" },
					{ "time": 0.6667, "curve": "stepped" },
					{ "time": 1, "curve": "stepped" },
					{ "time": 1.3333 }
				],
				"translate": [
					{
						"curve": [ 0.31, 0, 0.457, 0, 0.31, 0, 0.457, 186.19 ]
					},
					{
						"time": 0.6667,
						"y": 300.09,
						"curve": [ 0.761, 0, 0.865, 0, 0.761, 349.68, 0.865, 386.83 ]
					},
					{
						"time": 1,
						"y": 386.83,
						"curve": [ 1.222, 0, 1.111, 0, 1.222, 386.83, 1.111, 0 ]
					},
					{ "time": 1.3333 }
				],
				"scale": [
					{ "curve": "stepped" },
					{ "time": 0.6667, "curve": "stepped" },
					{ "time": 1, "curve": "stepped" },
					{ "time": 1.3333 }
				],
				"shear": [
					{ "curve": "stepped" },
					{ "time": 0.6667, "curve": "stepped" },
					{ "time": 1, "curve": "stepped" },
					{ "time": 1.3333 }
				]
			},
			"bone35": {
				"rotate": [
					{ "curve": "stepped" },
					{ "time": 0.1667, "curve": "stepped" },
					{ "time": 0.8333, "curve": "stepped" },
					{ "time": 1.1667, "curve": "stepped" },
					{ "time": 1.3333 }
				],
				"translate": [
					{
						"y": 256.11,
						"curve": [ 0.028, 0, 0.056, 0, 0.028, 128.91, 0.056, 0 ]
					},
					{
						"time": 0.1667,
						"curve": [ 0.476, 0, 0.624, 0, 0.476, 0, 0.624, 246.54 ]
					},
					{
						"time": 0.8333,
						"y": 397.35,
						"curve": [ 0.928, 0, 1.032, 0, 0.928, 463.02, 1.032, 512.21 ]
					},
					{
						"time": 1.1667,
						"y": 512.21,
						"curve": [ 1.279, 0, 1.306, 0, 1.279, 512.21, 1.306, 385.01 ]
					},
					{ "time": 1.3333, "y": 256.11 }
				],
				"scale": [
					{ "curve": "stepped" },
					{ "time": 0.1667, "curve": "stepped" },
					{ "time": 0.8333, "curve": "stepped" },
					{ "time": 1.1667, "curve": "stepped" },
					{ "time": 1.3333 }
				],
				"shear": [
					{ "curve": "stepped" },
					{ "time": 0.1667, "curve": "stepped" },
					{ "time": 0.8333, "curve": "stepped" },
					{ "time": 1.1667, "curve": "stepped" },
					{ "time": 1.3333 }
				]
			},
			"root": {
				"rotate": [
					{ "curve": "stepped" },
					{ "time": 1.3333 }
				],
				"translate": [
					{ "curve": "stepped" },
					{ "time": 1.3333 }
				],
				"scale": [
					{ "curve": "stepped" },
					{ "time": 1.3333 }
				],
				"shear": [
					{ "curve": "stepped" },
					{ "time": 1.3333 }
				]
			},
			"bone": {
				"rotate": [
					{ "curve": "stepped" },
					{ "time": 1.3333 }
				],
				"translate": [
					{
						"curve": [ 0.222, 0, 0.444, 0, 0.222, 0, 0.444, 7.29 ]
					},
					{
						"time": 0.6667,
						"y": 7.29,
						"curve": [ 0.889, 0, 1.111, 0, 0.889, 7.29, 1.111, 0 ]
					},
					{ "time": 1.3333 }
				],
				"scale": [
					{ "curve": "stepped" },
					{ "time": 1.3333 }
				],
				"shear": [
					{ "curve": "stepped" },
					{ "time": 1.3333 }
				]
			},
			"bone2": {
				"rotate": [
					{ "curve": "stepped" },
					{ "time": 1.3333 }
				],
				"translate": [
					{
						"curve": [ 0.222, 0, 0.444, 0, 0.222, 0, 0.444, -5.47 ]
					},
					{
						"time": 0.6667,
						"y": -5.47,
						"curve": [ 0.889, 0, 1.111, 0, 0.889, -5.47, 1.111, 0 ]
					},
					{ "time": 1.3333 }
				],
				"scale": [
					{ "curve": "stepped" },
					{ "time": 1.3333 }
				],
				"shear": [
					{ "curve": "stepped" },
					{ "time": 1.3333 }
				]
			},
			"bone3": {
				"rotate": [
					{ "curve": "stepped" },
					{ "time": 1.3333 }
				],
				"translate": [
					{
						"curve": [ 0.222, 0, 0.444, 0, 0.222, 0, 0.444, 7.29 ]
					},
					{
						"time": 0.6667,
						"y": 7.29,
						"curve": [ 0.889, 0, 1.111, 0, 0.889, 7.29, 1.111, 0 ]
					},
					{ "time": 1.3333 }
				],
				"scale": [
					{ "curve": "stepped" },
					{ "time": 1.3333 }
				],
				"shear": [
					{ "curve": "stepped" },
					{ "time": 1.3333 }
				]
			},
			"bone4": {
				"rotate": [
					{ "curve": "stepped" },
					{ "time": 1.3333 }
				],
				"translate": [
					{
						"curve": [ 0.222, 0, 0.444, 0, 0.222, 0, 0.444, -5.47 ]
					},
					{
						"time": 0.6667,
						"y": -5.47,
						"curve": [ 0.889, 0, 1.111, 0, 0.889, -5.47, 1.111, 0 ]
					},
					{ "time": 1.3333 }
				],
				"scale": [
					{ "curve": "stepped" },
					{ "time": 1.3333 }
				],
				"shear": [
					{ "curve": "stepped" },
					{ "time": 1.3333 }
				]
			},
			"bone5": {
				"rotate": [
					{ "curve": "stepped" },
					{ "time": 1.3333 }
				],
				"translate": [
					{
						"curve": [ 0.222, 0, 0.444, 0, 0.222, 0, 0.444, 7.29 ]
					},
					{
						"time": 0.6667,
						"y": 7.29,
						"curve": [ 0.889, 0, 1.111, 0, 0.889, 7.29, 1.111, 0 ]
					},
					{ "time": 1.3333 }
				],
				"scale": [
					{ "curve": "stepped" },
					{ "time": 1.3333 }
				],
				"shear": [
					{ "curve": "stepped" },
					{ "time": 1.3333 }
				]
			},
			"bone6": {
				"rotate": [
					{ "curve": "stepped" },
					{ "time": 1.3333 }
				],
				"translate": [
					{
						"curve": [ 0.222, 0, 0.444, 0, 0.222, 0, 0.444, -2.73 ]
					},
					{
						"time": 0.6667,
						"y": -2.73,
						"curve": [ 0.889, 0, 1.111, 0, 0.889, -2.73, 1.111, 0 ]
					},
					{ "time": 1.3333 }
				],
				"scale": [
					{ "curve": "stepped" },
					{ "time": 1.3333 }
				],
				"shear": [
					{ "curve": "stepped" },
					{ "time": 1.3333 }
				]
			},
			"bone7": {
				"rotate": [
					{ "curve": "stepped" },
					{ "time": 1.3333 }
				],
				"translate": [
					{
						"curve": [ 0.222, 0, 0.444, 0, 0.222, 0, 0.444, 6.38 ]
					},
					{
						"time": 0.6667,
						"y": 6.38,
						"curve": [ 0.889, 0, 1.111, 0, 0.889, 6.38, 1.111, 0 ]
					},
					{ "time": 1.3333 }
				],
				"scale": [
					{ "curve": "stepped" },
					{ "time": 1.3333 }
				],
				"shear": [
					{ "curve": "stepped" },
					{ "time": 1.3333 }
				]
			},
			"bone8": {
				"rotate": [
					{ "curve": "stepped" },
					{ "time": 1.3333 }
				],
				"translate": [
					{
						"curve": [ 0.222, 0, 0.444, 0, 0.222, 0, 0.444, -2.73 ]
					},
					{
						"time": 0.6667,
						"y": -2.73,
						"curve": [ 0.889, 0, 1.111, 0, 0.889, -2.73, 1.111, 0 ]
					},
					{ "time": 1.3333 }
				],
				"scale": [
					{ "curve": "stepped" },
					{ "time": 1.3333 }
				],
				"shear": [
					{ "curve": "stepped" },
					{ "time": 1.3333 }
				]
			},
			"bone9": {
				"rotate": [
					{ "curve": "stepped" },
					{ "time": 1.3333 }
				],
				"translate": [
					{
						"curve": [ 0.222, 0, 0.444, 0, 0.222, 0, 0.444, 6.38 ]
					},
					{
						"time": 0.6667,
						"y": 6.38,
						"curve": [ 0.889, 0, 1.111, 0, 0.889, 6.38, 1.111, 0 ]
					},
					{ "time": 1.3333 }
				],
				"scale": [
					{ "curve": "stepped" },
					{ "time": 1.3333 }
				],
				"shear": [
					{ "curve": "stepped" },
					{ "time": 1.3333 }
				]
			},
			"bone10": {
				"rotate": [
					{ "curve": "stepped" },
					{ "time": 1.3333 }
				],
				"translate": [
					{
						"curve": [ 0.222, 0, 0.444, 0, 0.222, 0, 0.444, -2.73 ]
					},
					{
						"time": 0.6667,
						"y": -2.73,
						"curve": [ 0.889, 0, 1.111, 0, 0.889, -2.73, 1.111, 0 ]
					},
					{ "time": 1.3333 }
				],
				"scale": [
					{ "curve": "stepped" },
					{ "time": 1.3333 }
				],
				"shear": [
					{ "curve": "stepped" },
					{ "time": 1.3333 }
				]
			},
			"bone11": {
				"rotate": [
					{ "curve": "stepped" },
					{ "time": 1.3333 }
				],
				"translate": [
					{
						"curve": [ 0.222, 0, 0.444, 0, 0.222, 0, 0.444, 6.38 ]
					},
					{
						"time": 0.6667,
						"y": 6.38,
						"curve": [ 0.889, 0, 1.111, 0, 0.889, 6.38, 1.111, 0 ]
					},
					{ "time": 1.3333 }
				],
				"scale": [
					{ "curve": "stepped" },
					{ "time": 1.3333 }
				],
				"shear": [
					{ "curve": "stepped" },
					{ "time": 1.3333 }
				]
			},
			"bone12": {
				"rotate": [
					{ "curve": "stepped" },
					{ "time": 1.3333 }
				],
				"translate": [
					{
						"curve": [ 0.222, 0, 0.444, 0, 0.222, 0, 0.444, -5.47 ]
					},
					{
						"time": 0.6667,
						"y": -5.47,
						"curve": [ 0.889, 0, 1.111, 0, 0.889, -5.47, 1.111, 0 ]
					},
					{ "time": 1.3333 }
				],
				"scale": [
					{ "curve": "stepped" },
					{ "time": 1.3333 }
				],
				"shear": [
					{ "curve": "stepped" },
					{ "time": 1.3333 }
				]
			},
			"bone13": {
				"rotate": [
					{ "curve": "stepped" },
					{ "time": 1.3333 }
				],
				"translate": [
					{
						"curve": [ 0.222, 0, 0.444, 0, 0.222, 0, 0.444, 9.58 ]
					},
					{
						"time": 0.6667,
						"y": 9.58,
						"curve": [ 0.889, 0, 1.111, 0, 0.889, 9.58, 1.111, 0 ]
					},
					{ "time": 1.3333 }
				],
				"scale": [
					{ "curve": "stepped" },
					{ "time": 1.3333 }
				],
				"shear": [
					{ "curve": "stepped" },
					{ "time": 1.3333 }
				]
			},
			"bone14": {
				"rotate": [
					{ "curve": "stepped" },
					{ "time": 1.3333 }
				],
				"translate": [
					{
						"curve": [ 0.222, 0, 0.444, 0, 0.222, 0, 0.444, -10.38 ]
					},
					{
						"time": 0.6667,
						"y": -10.38,
						"curve": [ 0.889, 0, 1.111, 0, 0.889, -10.38, 1.111, 0 ]
					},
					{ "time": 1.3333 }
				],
				"scale": [
					{ "curve": "stepped" },
					{ "time": 1.3333 }
				],
				"shear": [
					{ "curve": "stepped" },
					{ "time": 1.3333 }
				]
			},
			"bone15": {
				"rotate": [
					{ "curve": "stepped" },
					{ "time": 1.3333 }
				],
				"translate": [
					{
						"curve": [ 0.222, 0, 0.444, 0, 0.222, 0, 0.444, 9.58 ]
					},
					{
						"time": 0.6667,
						"y": 9.58,
						"curve": [ 0.889, 0, 1.111, 0, 0.889, 9.58, 1.111, 0 ]
					},
					{ "time": 1.3333 }
				],
				"scale": [
					{ "curve": "stepped" },
					{ "time": 1.3333 }
				],
				"shear": [
					{ "curve": "stepped" },
					{ "time": 1.3333 }
				]
			},
			"bone16": {
				"rotate": [
					{ "curve": "stepped" },
					{ "time": 1.3333 }
				],
				"translate": [
					{
						"curve": [ 0.222, 0, 0.444, 0, 0.222, 0, 0.444, -10.38 ]
					},
					{
						"time": 0.6667,
						"y": -10.38,
						"curve": [ 0.889, 0, 1.111, 0, 0.889, -10.38, 1.111, 0 ]
					},
					{ "time": 1.3333 }
				],
				"scale": [
					{ "curve": "stepped" },
					{ "time": 1.3333 }
				],
				"shear": [
					{ "curve": "stepped" },
					{ "time": 1.3333 }
				]
			},
			"bone17": {
				"rotate": [
					{ "curve": "stepped" },
					{ "time": 1.3333 }
				],
				"translate": [
					{
						"curve": [ 0.222, 0, 0.444, 0, 0.222, 0, 0.444, -15.97 ]
					},
					{
						"time": 0.6667,
						"y": -15.97,
						"curve": [ 0.889, 0, 1.111, 0, 0.889, -15.97, 1.111, 0 ]
					},
					{ "time": 1.3333 }
				],
				"scale": [
					{ "curve": "stepped" },
					{ "time": 1.3333 }
				],
				"shear": [
					{ "curve": "stepped" },
					{ "time": 1.3333 }
				]
			},
			"bone18": {
				"rotate": [
					{ "curve": "stepped" },
					{ "time": 1.3333 }
				],
				"translate": [
					{
						"curve": [ 0.222, 0, 0.444, 0, 0.222, 0, 0.444, 18.36 ]
					},
					{
						"time": 0.6667,
						"y": 18.36,
						"curve": [ 0.889, 0, 1.111, 0, 0.889, 18.36, 1.111, 0 ]
					},
					{ "time": 1.3333 }
				],
				"scale": [
					{ "curve": "stepped" },
					{ "time": 1.3333 }
				],
				"shear": [
					{ "curve": "stepped" },
					{ "time": 1.3333 }
				]
			},
			"bone19": {
				"rotate": [
					{ "curve": "stepped" },
					{ "time": 1.3333 }
				],
				"translate": [
					{
						"curve": [ 0.222, 0, 0.444, 0, 0.222, 0, 0.444, -15.97 ]
					},
					{
						"time": 0.6667,
						"y": -15.97,
						"curve": [ 0.889, 0, 1.111, 0, 0.889, -15.97, 1.111, 0 ]
					},
					{ "time": 1.3333 }
				],
				"scale": [
					{ "curve": "stepped" },
					{ "time": 1.3333 }
				],
				"shear": [
					{ "curve": "stepped" },
					{ "time": 1.3333 }
				]
			},
			"bone20": {
				"rotate": [
					{ "curve": "stepped" },
					{ "time": 1.3333 }
				],
				"translate": [
					{
						"curve": [ 0.222, 0, 0.444, 0, 0.222, 0, 0.444, 18.36 ]
					},
					{
						"time": 0.6667,
						"y": 18.36,
						"curve": [ 0.889, 0, 1.111, 0, 0.889, 18.36, 1.111, 0 ]
					},
					{ "time": 1.3333 }
				],
				"scale": [
					{ "curve": "stepped" },
					{ "time": 1.3333 }
				],
				"shear": [
					{ "curve": "stepped" },
					{ "time": 1.3333 }
				]
			},
			"bone21": {
				"rotate": [
					{ "curve": "stepped" },
					{ "time": 1.3333 }
				],
				"translate": [
					{
						"curve": [ 0.222, 0, 0.444, 0, 0.222, 0, 0.444, 11.43 ]
					},
					{
						"time": 0.6667,
						"y": 11.43,
						"curve": [ 0.889, 0, 1.111, 0, 0.889, 11.43, 1.111, 0 ]
					},
					{ "time": 1.3333 }
				],
				"scale": [
					{ "curve": "stepped" },
					{ "time": 1.3333 }
				],
				"shear": [
					{ "curve": "stepped" },
					{ "time": 1.3333 }
				]
			},
			"bone22": {
				"rotate": [
					{ "curve": "stepped" },
					{ "time": 1.3333 }
				],
				"translate": [
					{
						"curve": [ 0.222, 0, 0.444, 0, 0.222, 0, 0.444, -9.53 ]
					},
					{
						"time": 0.6667,
						"y": -9.53,
						"curve": [ 0.889, 0, 1.111, 0, 0.889, -9.53, 1.111, 0 ]
					},
					{ "time": 1.3333 }
				],
				"scale": [
					{ "curve": "stepped" },
					{ "time": 1.3333 }
				],
				"shear": [
					{ "curve": "stepped" },
					{ "time": 1.3333 }
				]
			},
			"bone23": {
				"rotate": [
					{ "curve": "stepped" },
					{ "time": 1.3333 }
				],
				"translate": [
					{
						"curve": [ 0.222, 0, 0.444, 0, 0.222, 0, 0.444, 11.43 ]
					},
					{
						"time": 0.6667,
						"y": 11.43,
						"curve": [ 0.889, 0, 1.111, 0, 0.889, 11.43, 1.111, 0 ]
					},
					{ "time": 1.3333 }
				],
				"scale": [
					{ "curve": "stepped" },
					{ "time": 1.3333 }
				],
				"shear": [
					{ "curve": "stepped" },
					{ "time": 1.3333 }
				]
			},
			"bone24": {
				"rotate": [
					{ "curve": "stepped" },
					{ "time": 1.3333 }
				],
				"translate": [
					{
						"curve": [ 0.222, 0, 0.444, 0, 0.222, 0, 0.444, -9.53 ]
					},
					{
						"time": 0.6667,
						"y": -9.53,
						"curve": [ 0.889, 0, 1.111, 0, 0.889, -9.53, 1.111, 0 ]
					},
					{ "time": 1.3333 }
				],
				"scale": [
					{ "curve": "stepped" },
					{ "time": 1.3333 }
				],
				"shear": [
					{ "curve": "stepped" },
					{ "time": 1.3333 }
				]
			},
			"bone25": {
				"rotate": [
					{ "curve": "stepped" },
					{ "time": 1.3333 }
				],
				"translate": [
					{
						"curve": [ 0.222, 0, 0.444, 0, 0.222, 0, 0.444, 18.09 ]
					},
					{
						"time": 0.6667,
						"y": 18.09,
						"curve": [ 0.889, 0, 1.111, 0, 0.889, 18.09, 1.111, 0 ]
					},
					{ "time": 1.3333 }
				],
				"scale": [
					{ "curve": "stepped" },
					{ "time": 1.3333 }
				],
				"shear": [
					{ "curve": "stepped" },
					{ "time": 1.3333 }
				]
			},
			"bone26": {
				"rotate": [
					{ "curve": "stepped" },
					{ "time": 1.3333 }
				],
				"translate": [
					{
						"curve": [ 0.222, 0, 0.444, 0, 0.222, 0, 0.444, -15.83 ]
					},
					{
						"time": 0.6667,
						"y": -15.83,
						"curve": [ 0.889, 0, 1.111, 0, 0.889, -15.83, 1.111, 0 ]
					},
					{ "time": 1.3333 }
				],
				"scale": [
					{ "curve": "stepped" },
					{ "time": 1.3333 }
				],
				"shear": [
					{ "curve": "stepped" },
					{ "time": 1.3333 }
				]
			},
			"bone27": {
				"rotate": [
					{ "curve": "stepped" },
					{ "time": 1.3333 }
				],
				"translate": [
					{
						"curve": [ 0.222, 0, 0.444, 0, 0.222, 0, 0.444, 18.09 ]
					},
					{
						"time": 0.6667,
						"y": 18.09,
						"curve": [ 0.889, 0, 1.111, 0, 0.889, 18.09, 1.111, 0 ]
					},
					{ "time": 1.3333 }
				],
				"scale": [
					{ "curve": "stepped" },
					{ "time": 1.3333 }
				],
				"shear": [
					{ "curve": "stepped" },
					{ "time": 1.3333 }
				]
			},
			"bone28": {
				"rotate": [
					{ "curve": "stepped" },
					{ "time": 1.3333 }
				],
				"translate": [
					{
						"curve": [ 0.222, 0, 0.444, 0, 0.222, 0, 0.444, -15.83 ]
					},
					{
						"time": 0.6667,
						"y": -15.83,
						"curve": [ 0.889, 0, 1.111, 0, 0.889, -15.83, 1.111, 0 ]
					},
					{ "time": 1.3333 }
				],
				"scale": [
					{ "curve": "stepped" },
					{ "time": 1.3333 }
				],
				"shear": [
					{ "curve": "stepped" },
					{ "time": 1.3333 }
				]
			},
			"main": {
				"rotate": [
					{ "curve": "stepped" },
					{ "time": 1.3333 }
				],
				"translate": [
					{ "curve": "stepped" },
					{ "time": 1.3333 }
				],
				"scale": [
					{ "curve": "stepped" },
					{ "time": 1.3333 }
				],
				"shear": [
					{ "curve": "stepped" },
					{ "time": 1.3333 }
				]
			}
		}
	}
}
}